Id,x,y
0,60.0263579782,151.858095079
1,88.9619299645,50.4153306671
2,105.285388699,203.074777928
3,134.531408603,85.3667015942
4,103.063186142,92.0832913087
5,196.422801171,93.5733262465
6,140.818682291,96.1058772809
7,110.439616473,103.026357327
8,182.23387255,137.32939536
9,72.0026155182,183.232091973
