Id,x,y
0,42.2528451738,129.425607622
1,66.2379472713,183.75981823
2,82.7311743046,45.2105107454
3,192.198730971,62.712850511
4,130.15512659,18.1799221385
5,169.921722593,111.474633857
6,164.870334135,184.896145836
7,19.6324822359,99.128603863
8,180.416664453,122.064316985
9,177.284619822,97.4605522727
10,83.9251758187,138.534067692
11,159.424480205,35.3797308284
12,150.46212637,106.029757114
13,33.7086357248,79.6015025442
14,95.9993015679,63.2400362898
