Id,x,y
0,100.914523968,94.0354640509
1,120.779655675,153.971549621
